/*
SQLyog Enterprise - MySQL GUI v8.05 
MySQL - 5.6.20 : Database - tif_web
*********************************************************************
*/

/*!40101 SET NAMES utf8 */;

/*!40101 SET SQL_MODE=''*/;

/*!40014 SET @OLD_FOREIGN_KEY_CHECKS=@@FOREIGN_KEY_CHECKS, FOREIGN_KEY_CHECKS=0 */;
/*!40101 SET @OLD_SQL_MODE=@@SQL_MODE, SQL_MODE='NO_AUTO_VALUE_ON_ZERO' */;

CREATE DATABASE /*!32312 IF NOT EXISTS*/`tif_web` /*!40100 DEFAULT CHARACTER SET latin1 */;

USE `tif_web`;

/*Table structure for table `dyn_groups` */

DROP TABLE IF EXISTS `dyn_groups`;

CREATE TABLE `dyn_groups` (
  `id` int(11) NOT NULL AUTO_INCREMENT,
  `title` varchar(50) COLLATE utf8_unicode_ci NOT NULL,
  `abbrev` varchar(20) COLLATE utf8_unicode_ci NOT NULL,
  PRIMARY KEY (`id`)
) ENGINE=InnoDB AUTO_INCREMENT=7 DEFAULT CHARSET=utf8 COLLATE=utf8_unicode_ci COMMENT='Navigation groupings. Eg, header, sidebar, footer, etc';

/*Data for the table `dyn_groups` */

insert  into `dyn_groups`(`id`,`title`,`abbrev`) values (1,'Header','header'),(2,'Sidebar','sidebar'),(3,'Footer','footer'),(4,'Topbar','topbar'),(5,'Sidebar1','sidebar1'),(6,'Sidebar2','sidebar2');

/*Table structure for table `dyn_menu` */

DROP TABLE IF EXISTS `dyn_menu`;

CREATE TABLE `dyn_menu` (
  `id` int(11) NOT NULL AUTO_INCREMENT,
  `title` varchar(100) COLLATE utf8_unicode_ci NOT NULL DEFAULT '',
  `link_type` varchar(20) COLLATE utf8_unicode_ci NOT NULL DEFAULT 'uri',
  `page_id` int(11) NOT NULL DEFAULT '0',
  `module_name` varchar(50) COLLATE utf8_unicode_ci NOT NULL DEFAULT '',
  `url` varchar(255) COLLATE utf8_unicode_ci NOT NULL DEFAULT '',
  `uri` varchar(255) COLLATE utf8_unicode_ci NOT NULL DEFAULT '',
  `dyn_group_id` int(11) NOT NULL DEFAULT '0',
  `position` int(5) NOT NULL DEFAULT '0',
  `target` varchar(10) COLLATE utf8_unicode_ci DEFAULT NULL,
  `parent_id` int(11) NOT NULL DEFAULT '0',
  `is_parent` tinyint(1) NOT NULL DEFAULT '0',
  `show_menu` enum('0','1') COLLATE utf8_unicode_ci NOT NULL DEFAULT '1',
  PRIMARY KEY (`id`),
  KEY `dyn_group_id - normal` (`dyn_group_id`)
) ENGINE=InnoDB AUTO_INCREMENT=17 DEFAULT CHARSET=utf8 COLLATE=utf8_unicode_ci;

/*Data for the table `dyn_menu` */

insert  into `dyn_menu`(`id`,`title`,`link_type`,`page_id`,`module_name`,`url`,`uri`,`dyn_group_id`,`position`,`target`,`parent_id`,`is_parent`,`show_menu`) values (1,'Category 1','page',1,'','http://www.category1.com','',1,0,'',0,1,'1'),(2,'Category 2','page',2,'','http://www.category2.com','',1,0,'',0,0,'1'),(3,'Category 3','page',3,'','http://www.category3.com','',1,0,'',0,0,'1'),(4,'Category 4','page',4,'','http://www.category4.com','',1,0,'',0,0,'1'),(5,'Category 1 - 1','page',5,'','http://www.category11.com','',1,0,'',1,0,'1'),(6,'Category 1 - 2','page',6,'','http://www.category12.com','',1,0,'',1,1,'1'),(7,'Category 1 - 2 - 1','page',7,'','http://www.category121.com','',1,0,'',6,0,'1'),(8,'Category 1 - 2 - 2','page',8,'','http://www.category122.com','',1,0,'',6,1,'1'),(9,'Category 1 - 2 - 2 - 1','page',9,'','http://www.category1221.com','',1,0,'',8,0,'1'),(10,'Category 1 - 2 - 2 - 2','page',10,'','http://www.category1222.com','',1,0,'',8,0,'1'),(11,'Category 3 - 1','page',11,'','http://www.category31.com','',1,0,'',3,1,'1'),(12,'Category 3 - 2','page',12,'','http://www.category32.com','',1,0,'',3,0,'1'),(13,'Category 3 - 3','page',13,'','http://www.category33.com','',1,0,'',3,0,'1'),(14,'Category 3 - 4','page',14,'','http://www.category34.com','',1,0,'',3,0,'1'),(15,'Category 3 - 5','page',15,'','http://www.category35.com','',1,0,'',3,0,'1'),(16,'Category 3 - 6','page',16,'','http://www.category36.com','',1,0,'',3,0,'1');

/*Table structure for table `master_group_modul` */

DROP TABLE IF EXISTS `master_group_modul`;

CREATE TABLE `master_group_modul` (
  `id_group` int(11) NOT NULL AUTO_INCREMENT,
  `nama` varchar(64) NOT NULL,
  `id_icon` int(11) NOT NULL,
  `order` int(3) NOT NULL,
  `is_aktif` enum('Ya','Tidak') NOT NULL,
  PRIMARY KEY (`id_group`),
  KEY `group_icon` (`id_icon`),
  CONSTRAINT `group_icon` FOREIGN KEY (`id_icon`) REFERENCES `master_icon` (`id_icon`) ON UPDATE CASCADE
) ENGINE=InnoDB AUTO_INCREMENT=47 DEFAULT CHARSET=latin1;

/*Data for the table `master_group_modul` */

insert  into `master_group_modul`(`id_group`,`nama`,`id_icon`,`order`,`is_aktif`) values (1,'PMB',56,1,'Ya'),(2,'Ketua Admisi',1,2,'Ya'),(3,'System',102,200,'Ya'),(4,'Kurikulum',63,3,'Ya'),(5,'BAA',1,10,'Ya'),(6,'Ka BAA',1,11,'Ya'),(7,'Keuangan',1,13,'Ya'),(8,'Rektorat',1,12,'Ya'),(9,'Dosen',1,20,'Ya'),(10,'Pendaftaran PKKMB',332,30,'Ya'),(11,'Jurusan',1,16,'Ya'),(12,'Klinik',1,19,'Ya'),(13,'Inquiry',1,90,'Ya'),(14,'Presensi',1,17,'Ya'),(15,'KRS',102,5,'Ya'),(16,'Ujian',64,9,'Ya'),(17,'Akademik',419,12,'Ya'),(18,'KHS',54,6,'Ya'),(19,'Tampung',1,22,'Ya'),(20,'Biodata',331,999,'Ya'),(21,'Virtual Class',1,70,'Ya'),(22,'Bimbingan Akademik',1,50,'Ya'),(23,'Transkrip',46,7,'Ya'),(24,'Skripsi',172,10,'Ya'),(25,'Statistik',26,18,'Ya'),(26,'SMS',105,19,'Ya'),(27,'Evaluasi',242,15,'Ya'),(28,'SDM',1,80,'Tidak'),(29,'Perpustakaan',1,16,'Ya'),(30,'Asset',1,98,'Ya'),(31,'Bank',1,6,'Ya'),(32,'Akuntansi',1,7,'Ya'),(33,'FingerPrint',1,3,'Ya'),(34,'Manual',1,101,'Ya'),(35,'Pembelajaran',59,8,'Ya'),(36,'Sarpras',68,4,'Ya'),(37,'Penjaminan Mutu',242,102,'Ya'),(38,'PDDIKTI',50,17,'Ya'),(39,'Wisuda',172,11,'Ya'),(40,'Keuangan',217,13,'Ya'),(41,'Beasiswa',268,14,'Ya'),(42,'Master',326,20,'Ya'),(43,'Admin',420,21,'Ya'),(44,'LPPM',257,7,'Ya'),(45,'e-Learning',171,-5,'Ya'),(46,'Laporan & Saran',241,999,'Ya');

/*Table structure for table `master_icon` */

DROP TABLE IF EXISTS `master_icon`;

CREATE TABLE `master_icon` (
  `id_icon` int(11) NOT NULL AUTO_INCREMENT,
  `nama` varchar(32) CHARACTER SET latin1 NOT NULL,
  `script` varchar(128) CHARACTER SET latin1 NOT NULL,
  PRIMARY KEY (`id_icon`)
) ENGINE=InnoDB AUTO_INCREMENT=504 DEFAULT CHARSET=utf8;

/*Data for the table `master_icon` */

insert  into `master_icon`(`id_icon`,`nama`,`script`) values (1,'angellist','<span class=\"fa fa-angellist\"></span>'),(2,'area-chart','<span class=\"fa fa-area-chart\"></span>'),(3,'at','<span class=\"fa fa-at\"></span>'),(4,'bell-slash','<span class=\"fa fa-bell-slash\"></span>'),(5,'bell-slash-o','<span class=\"fa fa-bell-slash-o\"></span>'),(6,'bicycle','<span class=\"fa fa-bicycle\"></span>'),(7,'binoculars','<span class=\"fa fa-binoculars\"></span>'),(8,'birthday-cake','<span class=\"fa fa-birthday-cake\"></span>'),(9,'bus','<span class=\"fa fa-bus\"></span>'),(10,'calculator','<span class=\"fa fa-calculator\"></span>'),(11,'cc','<span class=\"fa fa-cc\"></span>'),(12,'cc-amex','<span class=\"fa fa-cc-amex\"></span>'),(13,'cc-discover','<span class=\"fa fa-cc-discover\"></span>'),(14,'cc-mastercard','<span class=\"fa fa-cc-mastercard\"></span>'),(15,'cc-paypal','<span class=\"fa fa-cc-paypal\"></span>'),(16,'cc-stripe','<span class=\"fa fa-cc-stripe\"></span>'),(17,'cc-visa','<span class=\"fa fa-cc-visa\"></span>'),(18,'copyright','<span class=\"fa fa-copyright\"></span>'),(19,'eyedropper','<span class=\"fa fa-eyedropper\"></span>'),(20,'futbol-o','<span class=\"fa fa-futbol-o\"></span>'),(21,'google-wallet','<span class=\"fa fa-google-wallet\"></span>'),(22,'ils','<span class=\"fa fa-ils\"></span>'),(23,'ioxhost','<span class=\"fa fa-ioxhost\"></span>'),(24,'lastfm','<span class=\"fa fa-lastfm\"></span>'),(25,'lastfm-square','<span class=\"fa fa-lastfm-square\"></span>'),(26,'line-chart','<span class=\"fa fa-line-chart\"></span>'),(27,'meanpath','<span class=\"fa fa-meanpath\"></span>'),(28,'newspaper-o','<span class=\"fa fa-newspaper-o\"></span>'),(29,'paint-brush','<span class=\"fa fa-paint-brush\"></span>'),(30,'paypal','<span class=\"fa fa-paypal\"></span>'),(31,'pie-chart','<span class=\"fa fa-pie-chart\"></span>'),(32,'plug','<span class=\"fa fa-plug\"></span>'),(33,'shekel (alias)','<span class=\"fa fa-shekel (alias)\"></span>'),(34,'sheqel (alias)','<span class=\"fa fa-sheqel (alias)\"></span>'),(35,'slideshare','<span class=\"fa fa-slideshare\"></span>'),(36,'soccer-ball-o (alias)','<span class=\"fa fa-soccer-ball-o\"></span>'),(37,'toggle-off','<span class=\"fa fa-toggle-off\"></span>'),(38,'toggle-on','<span class=\"fa fa-toggle-on\"></span>'),(39,'trash','<span class=\"fa fa-trash\"></span>'),(40,'tty','<span class=\"fa fa-tty\"></span>'),(41,'twitch','<span class=\"fa fa-twitch\"></span>'),(42,'wifi','<span class=\"fa fa-wifi\"></span>'),(43,'yelp','<span class=\"fa fa-yelp\"></span>'),(44,'adjust','<span class=\"fa fa-adjust\"></span>'),(45,'anchor','<span class=\"fa fa-anchor\"></span>'),(46,'archive','<span class=\"fa fa-archive\"></span>'),(47,'arrows','<span class=\"fa fa-arrows\"></span>'),(48,'arrows-h','<span class=\"fa fa-arrows-h\"></span>'),(49,'arrows-v','<span class=\"fa fa-arrows-v\"></span>'),(50,'asterisk','<span class=\"fa fa-asterisk\"></span>'),(51,'automobile (alias)','<span class=\"fa fa-automobile\"></span>'),(52,'ban','<span class=\"fa fa-ban\"></span>'),(53,'bank (alias)','<span class=\"fa fa-bank (alias)\"></span>'),(54,'bar-chart','<span class=\"fa fa-bar-chart\"></span>'),(55,'bar-chart-o (alias)','<span class=\"fa fa-bar-chart-o\"></span>'),(56,'barcode','<span class=\"fa fa-barcode\"></span>'),(57,'bars','<span class=\"fa fa-bars\"></span>'),(58,'beer','<span class=\"fa fa-beer\"></span>'),(59,'bell','<span class=\"fa fa-bell\"></span>'),(60,'bell-o','<span class=\"fa fa-bell-o\"></span>'),(61,'bolt','<span class=\"fa fa-bolt\"></span>'),(62,'bomb','<span class=\"fa fa-bomb\"></span>'),(63,'book','<span class=\"fa fa-book\"></span>'),(64,'bookmark','<span class=\"fa fa-bookmark\"></span>'),(65,'bookmark-o','<span class=\"fa fa-bookmark-o\"></span>'),(66,'briefcase','<span class=\"fa fa-briefcase\"></span>'),(67,'bug','<span class=\"fa fa-bug\"></span>'),(68,'building','<span class=\"fa fa-building\"></span>'),(69,'building-o','<span class=\"fa fa-building-o\"></span>'),(70,'bullhorn','<span class=\"fa fa-bullhorn\"></span>'),(71,'bullseye','<span class=\"fa fa-bullseye\"></span>'),(72,'cab (alias)','<span class=\"fa fa-cab (alias)\"></span>'),(73,'calendar','<span class=\"fa fa-calendar\"></span>'),(74,'calendar-o','<span class=\"fa fa-calendar-o\"></span>'),(75,'camera','<span class=\"fa fa-camera\"></span>'),(76,'camera-retro','<span class=\"fa fa-camera-retro\"></span>'),(77,'car','<span class=\"fa fa-car\"></span>'),(78,'caret-square-o-down','<span class=\"fa fa-caret-square-o-down\"></span>'),(79,'caret-square-o-left','<span class=\"fa fa-caret-square-o-left\"></span>'),(80,'caret-square-o-right','<span class=\"fa fa-caret-square-o-right\"></span>'),(81,'caret-square-o-up','<span class=\"fa fa-caret-square-o-up\"></span>'),(82,'certificate','<span class=\"fa fa-certificate\"></span>'),(83,'check','<span class=\"fa fa-check\"></span>'),(84,'check-circle','<span class=\"fa fa-check-circle\"></span>'),(85,'check-circle-o','<span class=\"fa fa-check-circle-o\"></span>'),(86,'check-square','<span class=\"fa fa-check-square\"></span>'),(87,'check-square-o','<span class=\"fa fa-check-square-o\"></span>'),(88,'child','<span class=\"fa fa-child\"></span>'),(89,'circle','<span class=\"fa fa-circle\"></span>'),(90,'circle-o','<span class=\"fa fa-circle-o\"></span>'),(91,'circle-o-notch','<span class=\"fa fa-circle-o-notch\"></span>'),(92,'circle-thin','<span class=\"fa fa-circle-thin\"></span>'),(93,'clock-o','<span class=\"fa fa-clock-o\"></span>'),(94,'close (alias)','<span class=\"fa fa-close (alias)\"></span>'),(95,'cloud','<span class=\"fa fa-cloud\"></span>'),(96,'cloud-download','<span class=\"fa fa-cloud-download\"></span>'),(97,'cloud-upload','<span class=\"fa fa-cloud-upload\"></span>'),(98,'code','<span class=\"fa fa-code\"></span>'),(99,'code-fork','<span class=\"fa fa-code-fork\"></span>'),(100,'coffee','<span class=\"fa fa-coffee\"></span>'),(101,'cog','<span class=\"fa fa-cog\"></span>'),(102,'cogs','<span class=\"fa fa-cogs\"></span>'),(103,'comment','<span class=\"fa fa-comment\"></span>'),(104,'comment-o','<span class=\"fa fa-comment-o\"></span>'),(105,'comments','<span class=\"fa fa-comments\"></span>'),(106,'comments-o','<span class=\"fa fa-comments-o\"></span>'),(107,'compass','<span class=\"fa fa-compass\"></span>'),(108,'credit-card','<span class=\"fa fa-credit-card\"></span>'),(109,'crop','<span class=\"fa fa-crop\"></span>'),(110,'crosshairs','<span class=\"fa fa-crosshairs\"></span>'),(111,'cube','<span class=\"fa fa-cube\"></span>'),(112,'cubes','<span class=\"fa fa-cubes\"></span>'),(113,'cutlery','<span class=\"fa fa-cutlery\"></span>'),(114,'dashboard (alias)','<span class=\"fa fa-dashboard (alias)\"></span>'),(115,'database','<span class=\"fa fa-database\"></span>'),(116,'desktop','<span class=\"fa fa-desktop\"></span>'),(117,'dot-circle-o','<span class=\"fa fa-dot-circle-o\"></span>'),(118,'download','<span class=\"fa fa-download\"></span>'),(119,'edit (alias)','<span class=\"fa fa-edit (alias)\"></span>'),(120,'ellipsis-h','<span class=\"fa fa-ellipsis-h\"></span>'),(121,'ellipsis-v','<span class=\"fa fa-ellipsis-v\"></span>'),(122,'envelope','<span class=\"fa fa-envelope\"></span>'),(123,'envelope-o','<span class=\"fa fa-envelope-o\"></span>'),(124,'envelope-square','<span class=\"fa fa-envelope-square\"></span>'),(125,'eraser','<span class=\"fa fa-eraser\"></span>'),(126,'exchange','<span class=\"fa fa-exchange\"></span>'),(127,'exclamation','<span class=\"fa fa-exclamation\"></span>'),(128,'exclamation-circle','<span class=\"fa fa-exclamation-circle\"></span>'),(129,'exclamation-triangle','<span class=\"fa fa-exclamation-triangle\"></span>'),(130,'external-link','<span class=\"fa fa-external-link\"></span>'),(131,'external-link-square','<span class=\"fa fa-external-link-square\"></span>'),(132,'eye','<span class=\"fa fa-eye\"></span>'),(133,'eye-slash','<span class=\"fa fa-eye-slash\"></span>'),(134,'fax','<span class=\"fa fa-fax\"></span>'),(135,'female','<span class=\"fa fa-female\"></span>'),(136,'fighter-jet','<span class=\"fa fa-fighter-jet\"></span>'),(137,'file-archive-o','<span class=\"fa fa-file-archive-o\"></span>'),(138,'file-audio-o','<span class=\"fa fa-file-audio-o\"></span>'),(139,'file-code-o','<span class=\"fa fa-file-code-o\"></span>'),(140,'file-excel-o','<span class=\"fa fa-file-excel-o\"></span>'),(141,'file-image-o','<span class=\"fa fa-file-image-o\"></span>'),(142,'file-movie-o (alias)','<span class=\"fa fa-file-movie-o (alias)\"></span>'),(143,'file-pdf-o','<span class=\"fa fa-file-pdf-o\"></span>'),(144,'file-photo-o (alias)','<span class=\"fa fa-file-photo-o (alias)\"></span>'),(145,'file-picture-o (alias)','<span class=\"fa fa-file-picture-o (alias)\"></span>'),(146,'file-powerpoint-o','<span class=\"fa fa-file-powerpoint-o\"></span>'),(147,'file-sound-o (alias)','<span class=\"fa fa-file-sound-o (alias)\"></span>'),(148,'file-video-o','<span class=\"fa fa-file-video-o\"></span>'),(149,'file-word-o','<span class=\"fa fa-file-word-o\"></span>'),(150,'file-zip-o (alias)','<span class=\"fa fa-file-zip-o (alias)\"></span>'),(151,'film','<span class=\"fa fa-film\"></span>'),(152,'filter','<span class=\"fa fa-filter\"></span>'),(153,'fire','<span class=\"fa fa-fire\"></span>'),(154,'fire-extinguisher','<span class=\"fa fa-fire-extinguisher\"></span>'),(155,'flag','<span class=\"fa fa-flag\"></span>'),(156,'flag-checkered','<span class=\"fa fa-flag-checkered\"></span>'),(157,'flag-o','<span class=\"fa fa-flag-o\"></span>'),(158,'flash (alias)','<span class=\"fa fa-flash (alias)\"></span>'),(159,'flask','<span class=\"fa fa-flask\"></span>'),(160,'folder','<span class=\"fa fa-folder\"></span>'),(161,'folder-o','<span class=\"fa fa-folder-o\"></span>'),(162,'folder-open','<span class=\"fa fa-folder-open\"></span>'),(163,'folder-open-o','<span class=\"fa fa-folder-open-o\"></span>'),(164,'frown-o','<span class=\"fa fa-frown-o\"></span>'),(165,'gamepad','<span class=\"fa fa-gamepad\"></span>'),(166,'gavel','<span class=\"fa fa-gavel\"></span>'),(167,'gear (alias)','<span class=\"fa fa-gear (alias)\"></span>'),(168,'gears (alias)','<span class=\"fa fa-gears (alias)\"></span>'),(169,'gift','<span class=\"fa fa-gift\"></span>'),(170,'glass','<span class=\"fa fa-glass\"></span>'),(171,'globe','<span class=\"fa fa-globe\"></span>'),(172,'graduation-cap','<span class=\"fa fa-graduation-cap\"></span>'),(173,'group (alias)','<span class=\"fa fa-group (alias)\"></span>'),(174,'hdd-o','<span class=\"fa fa-hdd-o\"></span>'),(175,'headphones','<span class=\"fa fa-headphones\"></span>'),(176,'heart','<span class=\"fa fa-heart\"></span>'),(177,'heart-o','<span class=\"fa fa-heart-o\"></span>'),(178,'history','<span class=\"fa fa-history\"></span>'),(179,'home','<span class=\"fa fa-home\"></span>'),(180,'image (alias)','<span class=\"fa fa-image (alias)\"></span>'),(181,'inbox','<span class=\"fa fa-inbox\"></span>'),(182,'info','<span class=\"fa fa-info\"></span>'),(183,'info-circle','<span class=\"fa fa-info-circle\"></span>'),(184,'institution (alias)','<span class=\"fa fa-institution (alias)\"></span>'),(185,'key','<span class=\"fa fa-key\"></span>'),(186,'keyboard-o','<span class=\"fa fa-keyboard-o\"></span>'),(187,'language','<span class=\"fa fa-language\"></span>'),(188,'laptop','<span class=\"fa fa-laptop\"></span>'),(189,'leaf','<span class=\"fa fa-leaf\"></span>'),(190,'legal (alias)','<span class=\"fa fa-legal (alias)\"></span>'),(191,'lemon-o','<span class=\"fa fa-lemon-o\"></span>'),(192,'level-down','<span class=\"fa fa-level-down\"></span>'),(193,'level-up','<span class=\"fa fa-level-up\"></span>'),(194,'life-bouy (alias)','<span class=\"fa fa-life-bouy (alias)\"></span>'),(195,'life-buoy (alias)','<span class=\"fa fa-life-buoy (alias)\"></span>'),(196,'life-ring','<span class=\"fa fa-life-ring\"></span>'),(197,'life-saver (alias)','<span class=\"fa fa-life-saver (alias)\"></span>'),(198,'lightbulb-o','<span class=\"fa fa-lightbulb-o\"></span>'),(199,'location-arrow','<span class=\"fa fa-location-arrow\"></span>'),(200,'lock','<span class=\"fa fa-lock\"></span>'),(201,'magic','<span class=\"fa fa-magic\"></span>'),(202,'magnet','<span class=\"fa fa-magnet\"></span>'),(203,'mail-forward (alias)','<span class=\"fa fa-mail-forward (alias)\"></span>'),(204,'mail-reply (alias)','<span class=\"fa fa-mail-reply (alias)\"></span>'),(205,'mail-reply-all (alias)','<span class=\"fa fa-mail-reply-all (alias)\"></span>'),(206,'male','<span class=\"fa fa-male\"></span>'),(207,'map-marker','<span class=\"fa fa-map-marker\"></span>'),(208,'meh-o','<span class=\"fa fa-meh-o\"></span>'),(209,'microphone','<span class=\"fa fa-microphone\"></span>'),(210,'microphone-slash','<span class=\"fa fa-microphone-slash\"></span>'),(211,'minus','<span class=\"fa fa-minus\"></span>'),(212,'minus-circle','<span class=\"fa fa-minus-circle\"></span>'),(213,'minus-square','<span class=\"fa fa-minus-square\"></span>'),(214,'minus-square-o','<span class=\"fa fa-minus-square-o\"></span>'),(215,'mobile','<span class=\"fa fa-mobile\"></span>'),(216,'mobile-phone (alias)','<span class=\"fa fa-mobile-phone (alias)\"></span>'),(217,'money','<span class=\"fa fa-money\"></span>'),(218,'moon-o','<span class=\"fa fa-moon-o\"></span>'),(219,'mortar-board (alias)','<span class=\"fa fa-mortar-board (alias)\"></span>'),(220,'music','<span class=\"fa fa-music\"></span>'),(221,'navicon (alias)','<span class=\"fa fa-navicon (alias)\"></span>'),(222,'paper-plane','<span class=\"fa fa-paper-plane\"></span>'),(223,'paper-plane-o','<span class=\"fa fa-paper-plane-o\"></span>'),(224,'paw','<span class=\"fa fa-paw\"></span>'),(225,'pencil','<span class=\"fa fa-pencil\"></span>'),(226,'pencil-square','<span class=\"fa fa-pencil-square\"></span>'),(227,'pencil-square-o','<span class=\"fa fa-pencil-square-o\"></span>'),(228,'phone','<span class=\"fa fa-phone\"></span>'),(229,'phone-square','<span class=\"fa fa-phone-square\"></span>'),(230,'photo (alias)','<span class=\"fa fa-photo (alias)\"></span>'),(231,'picture-o','<span class=\"fa fa-picture-o\"></span>'),(232,'plane','<span class=\"fa fa-plane\"></span>'),(233,'plus','<span class=\"fa fa-plus\"></span>'),(234,'plus-circle','<span class=\"fa fa-plus-circle\"></span>'),(235,'plus-square','<span class=\"fa fa-plus-square\"></span>'),(236,'plus-square-o','<span class=\"fa fa-plus-square-o\"></span>'),(237,'power-off','<span class=\"fa fa-power-off\"></span>'),(238,'print','<span class=\"fa fa-print\"></span>'),(239,'puzzle-piece','<span class=\"fa fa-puzzle-piece\"></span>'),(240,'qrcode','<span class=\"fa fa-qrcode\"></span>'),(241,'question','<span class=\"fa fa-question\"></span>'),(242,'question-circle','<span class=\"fa fa-question-circle\"></span>'),(243,'quote-left','<span class=\"fa fa-quote-left\"></span>'),(244,'quote-right','<span class=\"fa fa-quote-right\"></span>'),(245,'random','<span class=\"fa fa-random\"></span>'),(246,'recycle','<span class=\"fa fa-recycle\"></span>'),(247,'refresh','<span class=\"fa fa-refresh\"></span>'),(248,'remove (alias)','<span class=\"fa fa-remove (alias)\"></span>'),(249,'reorder (alias)','<span class=\"fa fa-reorder (alias)\"></span>'),(250,'reply','<span class=\"fa fa-reply\"></span>'),(251,'reply-all','<span class=\"fa fa-reply-all\"></span>'),(252,'retweet','<span class=\"fa fa-retweet\"></span>'),(253,'road','<span class=\"fa fa-road\"></span>'),(254,'rocket','<span class=\"fa fa-rocket\"></span>'),(255,'rss','<span class=\"fa fa-rss\"></span>'),(256,'rss-square','<span class=\"fa fa-rss-square\"></span>'),(257,'search','<span class=\"fa fa-search\"></span>'),(258,'search-minus','<span class=\"fa fa-search-minus\"></span>'),(259,'search-plus','<span class=\"fa fa-search-plus\"></span>'),(260,'send (alias)','<span class=\"fa fa-send (alias)\"></span>'),(261,'send-o (alias)','<span class=\"fa fa-send-o (alias)\"></span>'),(262,'share','<span class=\"fa fa-share\"></span>'),(263,'share-alt','<span class=\"fa fa-share-alt\"></span>'),(264,'share-alt-square','<span class=\"fa fa-share-alt-square\"></span>'),(265,'share-square','<span class=\"fa fa-share-square\"></span>'),(266,'share-square-o','<span class=\"fa fa-share-square-o\"></span>'),(267,'shield','<span class=\"fa fa-shield\"></span>'),(268,'shopping-cart','<span class=\"fa fa-shopping-cart\"></span>'),(269,'sign-in','<span class=\"fa fa-sign-in\"></span>'),(270,'sign-out','<span class=\"fa fa-sign-out\"></span>'),(271,'signal','<span class=\"fa fa-signal\"></span>'),(272,'sitemap','<span class=\"fa fa-sitemap\"></span>'),(273,'sliders','<span class=\"fa fa-sliders\"></span>'),(274,'smile-o','<span class=\"fa fa-smile-o\"></span>'),(275,'sort','<span class=\"fa fa-sort\"></span>'),(276,'sort-alpha-asc','<span class=\"fa fa-sort-alpha-asc\"></span>'),(277,'sort-alpha-desc','<span class=\"fa fa-sort-alpha-desc\"></span>'),(278,'sort-amount-asc','<span class=\"fa fa-sort-amount-asc\"></span>'),(279,'sort-amount-desc','<span class=\"fa fa-sort-amount-desc\"></span>'),(280,'sort-asc','<span class=\"fa fa-sort-asc\"></span>'),(281,'sort-desc','<span class=\"fa fa-sort-desc\"></span>'),(282,'sort-down (alias)','<span class=\"fa fa-sort-down (alias)\"></span>'),(283,'sort-numeric-asc','<span class=\"fa fa-sort-numeric-asc\"></span>'),(284,'sort-numeric-desc','<span class=\"fa fa-sort-numeric-desc\"></span>'),(285,'sort-up (alias)','<span class=\"fa fa-sort-up (alias)\"></span>'),(286,'space-shuttle','<span class=\"fa fa-space-shuttle\"></span>'),(287,'spinner','<span class=\"fa fa-spinner\"></span>'),(288,'spoon','<span class=\"fa fa-spoon\"></span>'),(289,'square','<span class=\"fa fa-square\"></span>'),(290,'square-o','<span class=\"fa fa-square-o\"></span>'),(291,'star','<span class=\"fa fa-star\"></span>'),(292,'star-half','<span class=\"fa fa-star-half\"></span>'),(293,'star-half-empty (alias)','<span class=\"fa fa-star-half-empty (alias)\"></span>'),(294,'star-half-full (alias)','<span class=\"fa fa-star-half-full (alias)\"></span>'),(295,'star-half-o','<span class=\"fa fa-star-half-o\"></span>'),(296,'star-o','<span class=\"fa fa-star-o\"></span>'),(297,'suitcase','<span class=\"fa fa-suitcase\"></span>'),(298,'sun-o','<span class=\"fa fa-sun-o\"></span>'),(299,'support (alias)','<span class=\"fa fa-support (alias)\"></span>'),(300,'tablet','<span class=\"fa fa-tablet\"></span>'),(301,'tachometer','<span class=\"fa fa-tachometer\"></span>'),(302,'tag','<span class=\"fa fa-tag\"></span>'),(303,'tags','<span class=\"fa fa-tags\"></span>'),(304,'tasks','<span class=\"fa fa-tasks\"></span>'),(305,'taxi','<span class=\"fa fa-taxi\"></span>'),(306,'terminal','<span class=\"fa fa-terminal\"></span>'),(307,'thumb-tack','<span class=\"fa fa-thumb-tack\"></span>'),(308,'thumbs-down','<span class=\"fa fa-thumbs-down\"></span>'),(309,'thumbs-o-down','<span class=\"fa fa-thumbs-o-down\"></span>'),(310,'thumbs-o-up','<span class=\"fa fa-thumbs-o-up\"></span>'),(311,'thumbs-up','<span class=\"fa fa-thumbs-up\"></span>'),(312,'ticket','<span class=\"fa fa-ticket\"></span>'),(313,'times','<span class=\"fa fa-times\"></span>'),(314,'times-circle','<span class=\"fa fa-times-circle\"></span>'),(315,'times-circle-o','<span class=\"fa fa-times-circle-o\"></span>'),(316,'tint','<span class=\"fa fa-tint\"></span>'),(317,'toggle-down (alias)','<span class=\"fa fa-toggle-down (alias)\"></span>'),(318,'toggle-left (alias)','<span class=\"fa fa-toggle-left (alias)\"></span>'),(319,'toggle-right (alias)','<span class=\"fa fa-toggle-right (alias)\"></span>'),(320,'toggle-up (alias)','<span class=\"fa fa-toggle-up (alias)\"></span>'),(321,'trash-o','<span class=\"fa fa-trash-o\"></span>'),(322,'tree','<span class=\"fa fa-tree\"></span>'),(323,'trophy','<span class=\"fa fa-trophy\"></span>'),(324,'truck','<span class=\"fa fa-truck\"></span>'),(325,'umbrella','<span class=\"fa fa-umbrella\"></span>'),(326,'university','<span class=\"fa fa-university\"></span>'),(327,'unlock','<span class=\"fa fa-unlock\"></span>'),(328,'unlock-alt','<span class=\"fa fa-unlock-alt\"></span>'),(329,'unsorted (alias)','<span class=\"fa fa-unsorted (alias)\"></span>'),(330,'upload','<span class=\"fa fa-upload\"></span>'),(331,'user','<span class=\"fa fa-user\"></span>'),(332,'users','<span class=\"fa fa-users\"></span>'),(333,'video-camera','<span class=\"fa fa-video-camera\"></span>'),(334,'volume-down','<span class=\"fa fa-volume-down\"></span>'),(335,'volume-off','<span class=\"fa fa-volume-off\"></span>'),(336,'volume-up','<span class=\"fa fa-volume-up\"></span>'),(337,'warning (alias)','<span class=\"fa fa-warning (alias)\"></span>'),(338,'wheelchair','<span class=\"fa fa-wheelchair\"></span>'),(339,'wrench','<span class=\"fa fa-wrench\"></span>'),(340,'file','<span class=\"fa fa-file\"></span>'),(341,'file-o','<span class=\"fa fa-file-o\"></span>'),(342,'file-text','<span class=\"fa fa-file-text\"></span>'),(343,'file-text-o','<span class=\"fa fa-file-text-o\"></span>'),(344,'bitcoin (alias)','<span class=\"fa fa-bitcoin (alias)\"></span>'),(345,'btc','<span class=\"fa fa-btc\"></span>'),(346,'cny (alias)','<span class=\"fa fa-cny (alias)\"></span>'),(347,'dollar (alias)','<span class=\"fa fa-dollar (alias)\"></span>'),(348,'eur','<span class=\"fa fa-eur\"></span>'),(349,'euro (alias)','<span class=\"fa fa-euro (alias)\"></span>'),(350,'gbp','<span class=\"fa fa-gbp\"></span>'),(351,'inr','<span class=\"fa fa-inr\"></span>'),(352,'jpy','<span class=\"fa fa-jpy\"></span>'),(353,'krw','<span class=\"fa fa-krw\"></span>'),(354,'rmb (alias)','<span class=\"fa fa-rmb (alias)\"></span>'),(355,'rouble (alias)','<span class=\"fa fa-rouble (alias)\"></span>'),(356,'rub','<span class=\"fa fa-rub\"></span>'),(357,'ruble (alias)','<span class=\"fa fa-ruble (alias)\"></span>'),(358,'rupee (alias)','<span class=\"fa fa-rupee (alias)\"></span>'),(359,'try','<span class=\"fa fa-try\"></span>'),(360,'turkish-lira (alias)','<span class=\"fa fa-turkish-lira (alias)\"></span>'),(361,'usd','<span class=\"fa fa-usd\"></span>'),(362,'angle-double-down','<span class=\"fa fa-angle-double-down\"></span>'),(363,'angle-double-left','<span class=\"fa fa-angle-double-left\"></span>'),(364,'angle-double-right','<span class=\"fa fa-angle-double-right\"></span>'),(365,'angle-double-up','<span class=\"fa fa-angle-double-up\"></span>'),(366,'angle-down','<span class=\"fa fa-angle-down\"></span>'),(367,'angle-left','<span class=\"fa fa-angle-left\"></span>'),(368,'angle-right','<span class=\"fa fa-angle-right\"></span>'),(369,'angle-up','<span class=\"fa fa-angle-up\"></span>'),(370,'arrow-circle-down','<span class=\"fa fa-arrow-circle-down\"></span>'),(371,'arrow-circle-left','<span class=\"fa fa-arrow-circle-left\"></span>'),(372,'arrow-circle-o-down','<span class=\"fa fa-arrow-circle-o-down\"></span>'),(373,'arrow-circle-o-left','<span class=\"fa fa-arrow-circle-o-left\"></span>'),(374,'arrow-circle-o-right','<span class=\"fa fa-arrow-circle-o-right\"></span>'),(375,'arrow-circle-o-up','<span class=\"fa fa-arrow-circle-o-up\"></span>'),(376,'arrow-circle-right','<span class=\"fa fa-arrow-circle-right\"></span>'),(377,'arrow-circle-up','<span class=\"fa fa-arrow-circle-up\"></span>'),(378,'arrow-down','<span class=\"fa fa-arrow-down\"></span>'),(379,'arrow-left','<span class=\"fa fa-arrow-left\"></span>'),(380,'arrow-right','<span class=\"fa fa-arrow-right\"></span>'),(381,'arrow-up','<span class=\"fa fa-arrow-up\"></span>'),(382,'arrows-alt','<span class=\"fa fa-arrows-alt\"></span>'),(383,'caret-down','<span class=\"fa fa-caret-down\"></span>'),(384,'caret-left','<span class=\"fa fa-caret-left\"></span>'),(385,'caret-right','<span class=\"fa fa-caret-right\"></span>'),(386,'caret-up','<span class=\"fa fa-caret-up\"></span>'),(387,'chevron-circle-down','<span class=\"fa fa-chevron-circle-down\"></span>'),(388,'chevron-circle-left','<span class=\"fa fa-chevron-circle-left\"></span>'),(389,'chevron-circle-right','<span class=\"fa fa-chevron-circle-right\"></span>'),(390,'chevron-circle-up','<span class=\"fa fa-chevron-circle-up\"></span>'),(391,'chevron-down','<span class=\"fa fa-chevron-down\"></span>'),(392,'chevron-left','<span class=\"fa fa-chevron-left\"></span>'),(393,'chevron-right','<span class=\"fa fa-chevron-right\"></span>'),(394,'chevron-up','<span class=\"fa fa-chevron-up\"></span>'),(395,'hand-o-down','<span class=\"fa fa-hand-o-down\"></span>'),(396,'hand-o-left','<span class=\"fa fa-hand-o-left\"></span>'),(397,'hand-o-right','<span class=\"fa fa-hand-o-right\"></span>'),(398,'hand-o-up','<span class=\"fa fa-hand-o-up\"></span>'),(399,'long-arrow-down','<span class=\"fa fa-long-arrow-down\"></span>'),(400,'long-arrow-left','<span class=\"fa fa-long-arrow-left\"></span>'),(401,'long-arrow-right','<span class=\"fa fa-long-arrow-right\"></span>'),(402,'long-arrow-up','<span class=\"fa fa-long-arrow-up\"></span>'),(403,'backward','<span class=\"fa fa-backward\"></span>'),(404,'compress','<span class=\"fa fa-compress\"></span>'),(405,'eject','<span class=\"fa fa-eject\"></span>'),(406,'expand','<span class=\"fa fa-expand\"></span>'),(407,'fast-backward','<span class=\"fa fa-fast-backward\"></span>'),(408,'fast-forward','<span class=\"fa fa-fast-forward\"></span>'),(409,'forward','<span class=\"fa fa-forward\"></span>'),(410,'pause','<span class=\"fa fa-pause\"></span>'),(411,'play','<span class=\"fa fa-play\"></span>'),(412,'play-circle','<span class=\"fa fa-play-circle\"></span>'),(413,'play-circle-o','<span class=\"fa fa-play-circle-o\"></span>'),(414,'step-backward','<span class=\"fa fa-step-backward\"></span>'),(415,'step-forward','<span class=\"fa fa-step-forward\"></span>'),(416,'stop','<span class=\"fa fa-stop\"></span>'),(417,'youtube-play','<span class=\"fa fa-youtube-play\"></span>'),(418,'adn','<span class=\"fa fa-adn\"></span>'),(419,'android','<span class=\"fa fa-android\"></span>'),(420,'apple','<span class=\"fa fa-apple\"></span>'),(421,'behance','<span class=\"fa fa-behance\"></span>'),(422,'behance-square','<span class=\"fa fa-behance-square\"></span>'),(423,'bitbucket','<span class=\"fa fa-bitbucket\"></span>'),(424,'bitbucket-square','<span class=\"fa fa-bitbucket-square\"></span>'),(425,'codepen','<span class=\"fa fa-codepen\"></span>'),(426,'css3','<span class=\"fa fa-css3\"></span>'),(427,'delicious','<span class=\"fa fa-delicious\"></span>'),(428,'deviantart','<span class=\"fa fa-deviantart\"></span>'),(429,'digg','<span class=\"fa fa-digg\"></span>'),(430,'dribbble','<span class=\"fa fa-dribbble\"></span>'),(431,'dropbox','<span class=\"fa fa-dropbox\"></span>'),(432,'drupal','<span class=\"fa fa-drupal\"></span>'),(433,'empire','<span class=\"fa fa-empire\"></span>'),(434,'facebook','<span class=\"fa fa-facebook\"></span>'),(435,'facebook-square','<span class=\"fa fa-facebook-square\"></span>'),(436,'flickr','<span class=\"fa fa-flickr\"></span>'),(437,'foursquare','<span class=\"fa fa-foursquare\"></span>'),(438,'ge (alias)','<span class=\"fa fa-ge (alias)\"></span>'),(439,'git','<span class=\"fa fa-git\"></span>'),(440,'git-square','<span class=\"fa fa-git-square\"></span>'),(441,'github','<span class=\"fa fa-github\"></span>'),(442,'github-alt','<span class=\"fa fa-github-alt\"></span>'),(443,'github-square','<span class=\"fa fa-github-square\"></span>'),(444,'gittip','<span class=\"fa fa-gittip\"></span>'),(445,'google','<span class=\"fa fa-google\"></span>'),(446,'google-plus','<span class=\"fa fa-google-plus\"></span>'),(447,'google-plus-square','<span class=\"fa fa-google-plus-square\"></span>'),(448,'hacker-news','<span class=\"fa fa-hacker-news\"></span>'),(449,'html5','<span class=\"fa fa-html5\"></span>'),(450,'instagram','<span class=\"fa fa-instagram\"></span>'),(451,'joomla','<span class=\"fa fa-joomla\"></span>'),(452,'jsfiddle','<span class=\"fa fa-jsfiddle\"></span>'),(453,'linkedin','<span class=\"fa fa-linkedin\"></span>'),(454,'linkedin-square','<span class=\"fa fa-linkedin-square\"></span>'),(455,'linux','<span class=\"fa fa-linux\"></span>'),(456,'maxcdn','<span class=\"fa fa-maxcdn\"></span>'),(457,'openid','<span class=\"fa fa-openid\"></span>'),(458,'pagelines','<span class=\"fa fa-pagelines\"></span>'),(459,'pied-piper','<span class=\"fa fa-pied-piper\"></span>'),(460,'pied-piper-alt','<span class=\"fa fa-pied-piper-alt\"></span>'),(461,'pinterest','<span class=\"fa fa-pinterest\"></span>'),(462,'pinterest-square','<span class=\"fa fa-pinterest-square\"></span>'),(463,'qq','<span class=\"fa fa-qq\"></span>'),(464,'ra (alias)','<span class=\"fa fa-ra (alias)\"></span>'),(465,'rebel','<span class=\"fa fa-rebel\"></span>'),(466,'reddit','<span class=\"fa fa-reddit\"></span>'),(467,'reddit-square','<span class=\"fa fa-reddit-square\"></span>'),(468,'renren','<span class=\"fa fa-renren\"></span>'),(469,'skype','<span class=\"fa fa-skype\"></span>'),(470,'slack','<span class=\"fa fa-slack\"></span>'),(471,'soundcloud','<span class=\"fa fa-soundcloud\"></span>'),(472,'spotify','<span class=\"fa fa-spotify\"></span>'),(473,'stack-exchange','<span class=\"fa fa-stack-exchange\"></span>'),(474,'stack-overflow','<span class=\"fa fa-stack-overflow\"></span>'),(475,'steam','<span class=\"fa fa-steam\"></span>'),(476,'steam-square','<span class=\"fa fa-steam-square\"></span>'),(477,'stumbleupon','<span class=\"fa fa-stumbleupon\"></span>'),(478,'stumbleupon-circle','<span class=\"fa fa-stumbleupon-circle\"></span>'),(479,'tencent-weibo','<span class=\"fa fa-tencent-weibo\"></span>'),(480,'trello','<span class=\"fa fa-trello\"></span>'),(481,'tumblr','<span class=\"fa fa-tumblr\"></span>'),(482,'tumblr-square','<span class=\"fa fa-tumblr-square\"></span>'),(483,'twitter','<span class=\"fa fa-twitter\"></span>'),(484,'twitter-square','<span class=\"fa fa-twitter-square\"></span>'),(485,'vimeo-square','<span class=\"fa fa-vimeo-square\"></span>'),(486,'vine','<span class=\"fa fa-vine\"></span>'),(487,'vk','<span class=\"fa fa-vk\"></span>'),(488,'wechat (alias)','<span class=\"fa fa-wechat (alias)\"></span>'),(489,'weibo','<span class=\"fa fa-weibo\"></span>'),(490,'weixin','<span class=\"fa fa-weixin\"></span>'),(491,'windows','<span class=\"fa fa-windows\"></span>'),(492,'wordpress','<span class=\"fa fa-wordpress\"></span>'),(493,'xing','<span class=\"fa fa-xing\"></span>'),(494,'xing-square','<span class=\"fa fa-xing-square\"></span>'),(495,'yahoo','<span class=\"fa fa-yahoo\"></span>'),(496,'youtube','<span class=\"fa fa-youtube\"></span>'),(497,'youtube-square','<span class=\"fa fa-youtube-square\"></span>'),(498,'ambulance','<span class=\"fa fa-ambulance\"></span>'),(499,'h-square','<span class=\"fa fa-h-square\"></span>'),(500,'hospital-o','<span class=\"fa fa-hospital-o\"></span>'),(501,'medkit','<span class=\"fa fa-medkit\"></span>'),(502,'stethoscope','<span class=\"fa fa-stethoscope\"></span>'),(503,'user-md','<span class=\"fa fa-user-md\"></span>');

/*Table structure for table `master_modul` */

DROP TABLE IF EXISTS `master_modul`;

CREATE TABLE `master_modul` (
  `id_modul` int(11) NOT NULL AUTO_INCREMENT,
  `id_group` int(11) NOT NULL,
  `nama` varchar(64) CHARACTER SET latin1 NOT NULL,
  `id_icon` int(11) NOT NULL,
  `script` varchar(64) CHARACTER SET latin1 NOT NULL,
  `order` int(3) NOT NULL,
  `order_dashboard` int(3) DEFAULT '100',
  `is_web` enum('Ya','Tidak') CHARACTER SET latin1 NOT NULL,
  `on_dashboard` enum('Ya','Tidak') NOT NULL,
  `is_aktif` enum('Ya','Tidak') CHARACTER SET latin1 NOT NULL,
  PRIMARY KEY (`id_modul`),
  KEY `modul_group` (`id_group`),
  KEY `modul_icon` (`id_icon`),
  CONSTRAINT `modul_group` FOREIGN KEY (`id_group`) REFERENCES `master_group_modul` (`id_group`) ON UPDATE CASCADE,
  CONSTRAINT `modul_icon` FOREIGN KEY (`id_icon`) REFERENCES `master_icon` (`id_icon`) ON UPDATE CASCADE
) ENGINE=InnoDB AUTO_INCREMENT=214 DEFAULT CHARSET=utf8;

/*Data for the table `master_modul` */

insert  into `master_modul`(`id_modul`,`id_group`,`nama`,`id_icon`,`script`,`order`,`order_dashboard`,`is_web`,`on_dashboard`,`is_aktif`) values (1,3,'Setup Modul',32,'master/modul',1,100,'Ya','Ya','Ya'),(2,3,'Setup Group Modul',112,'master/group-modul',1,100,'Ya','Tidak','Ya'),(3,3,'Parameter Sistem',98,'master/parameter',900,100,'Ya','Tidak','Ya'),(4,26,'SMS Inbox',124,'sms/inbox',5,5,'Ya','Tidak','Ya'),(5,26,'SMS Sentitems',260,'sms/sentitems',6,6,'Ya','Tidak','Ya'),(6,26,'SMS Kuliah',404,'sms/kuliah',1,1,'Ya','Ya','Ya'),(7,26,'SMS Outbox',330,'sms/outbox',6,6,'Ya','Tidak','Ya'),(8,26,'SMS Mahasiswa',332,'sms/mahasiswa',2,2,'Ya','Ya','Ya'),(9,26,'SMS Dosen',331,'sms/dosen',3,3,'Ya','Ya','Ya'),(10,26,'SMS Karyawan',503,'sms/karyawan',4,4,'Ya','Ya','Ya'),(11,26,'SMS Group',173,'sms/group',5,5,'Ya','Ya','Ya'),(12,26,'SMS Orang Tua',65,'sms/orang-tua',4,4,'Ya','Tidak','Ya'),(14,26,'SMS PMB',467,'sms/pmb',4,4,'Ya','Ya','Ya'),(15,4,'Administrasi Mata Kuliah',63,'akademik-adm-mk/home',1,1,'Ya','Ya','Ya'),(16,4,'Master Kurikulum',256,'kurikulum/master',100,100,'Ya','Ya','Ya'),(17,4,'Master Mata Kuliah',64,'mk/master',90,90,'Ya','Ya','Ya'),(18,4,'Master Jenis Mata Kuliah',422,'mk/jenis',100,100,'Ya','Ya','Ya'),(19,4,'Master Jenis Kurikulum',115,'kurikulum/jenis',100,100,'Ya','Ya','Ya'),(20,4,'Master Konsentrasi Mata Kuliah',115,'mk/konsentrasi',100,100,'Ya','Tidak','Ya'),(21,4,'Master Nilai Mata Kuliah',88,'mk/nilai',100,100,'Ya','Ya','Ya'),(22,27,'Kuesioner LPM',242,'evaluasi/kuesioner',4,1,'Ya','Ya','Ya'),(23,27,'Setup Waktu Evaluasi',314,'evaluasi/waktu',1,NULL,'Ya','Tidak','Ya'),(24,16,'Cetak Kartu Ujian',238,'ujian/cetak-kartu',3,NULL,'Ya','Tidak','Ya'),(25,16,'Cetak Presensi Ujian',238,'ujian/cetak-presensi',4,NULL,'Ya','Tidak','Ya'),(26,16,'Cetak Label Map LJU',238,'ujian/cetak-label',5,NULL,'Ya','Tidak','Ya'),(27,16,'Jadwal Ujian Fakultas',73,'ujian/jadwal-fakultas',9,NULL,'Ya','Tidak','Ya'),(28,24,'Input Pembimbing Skripsi',206,'skripsi/pembimbing',3,NULL,'Ya','Tidak','Ya'),(30,35,'Cetak Presensi Kuliah',238,'pembelajaran/cetak-presensi',2,NULL,'Ya','Tidak','Ya'),(31,24,'Setup Skripsi',339,'skripsi/setup-skripsi',6,NULL,'Ya','Tidak','Ya'),(33,35,'Cetak Presensi Dosen',238,'pembelajaran/cetak-dosen',3,NULL,'Ya','Tidak','Ya'),(34,35,'Cetak Sampul Presensi',238,'pembelajaran/cetak-sampul',4,NULL,'Ya','Tidak','Ya'),(35,24,'Pembimbing Skripsi',206,'skripsi/pembimbing-list',4,NULL,'Ya','Ya','Ya'),(36,35,'Setup Presensi',337,'pembelajaran/setup-presensi',6,NULL,'Ya','Tidak','Ya'),(37,35,'Jadwal Mengajar Dosen',73,'pembelajaran-jadwal-dosen/home',8,NULL,'Ya','Ya','Ya'),(38,35,'Input Nilai',423,'pembelajaran-input-nilai/home',10,NULL,'Ya','Ya','Ya'),(39,18,'Lihat KHS Semester',2,'khs/khs-semester',10,NULL,'Ya','Tidak','Ya'),(40,18,'Lihat KHS Total',2,'khs/khs-total',20,NULL,'Ya','Tidak','Ya'),(41,18,'Cetak KHS',238,'khs/cetak',30,NULL,'Ya','Tidak','Ya'),(42,23,'Lihat Transkrip',132,'transkrip-lihat/home',1,1,'Ya','Tidak','Ya'),(43,23,'Cetak Transkrip Aktif',238,'transkrip-cetak/home',2,2,'Ya','Tidak','Ya'),(44,23,'Cetak Transkrip Lulus',238,'transkrip-cetak-lulus/home',3,3,'Ya','Tidak','Ya'),(45,23,'Cetak Transkrip KRS Aktif',238,'transkrip-cetak-krs-aktif/home',4,4,'Ya','Tidak','Ya'),(46,23,'Cetak Transkrip KRS Lulus',238,'transkrip-cetak-krs-lulus/home',5,5,'Ya','Tidak','Ya'),(47,23,'Cetak Ijasah',172,'ijasah-cetak/home',6,6,'Ya','Tidak','Ya'),(48,23,'Upload Transkrip & Ijasah',330,'transkrip-upload-ijasah/home',7,7,'Ya','Tidak','Ya'),(49,24,'Yudisium Skripsi',172,'skripsi-yudisium/home',2,19,'Ya','Tidak','Ya'),(50,26,'Antrian SMS',245,'sms/antrian',0,0,'Ya','Ya','Ya'),(51,17,'Reset Password Dosen',200,'akademik-password-dosen/home',1,0,'Ya','Tidak','Ya'),(52,17,'Setup Kaldik',73,'akademik-setup-kaldik/home',2,1,'Ya','Tidak','Ya'),(53,17,'Lihat Kaldik',74,'akademik-lihat-kaldik/home',3,2,'Ya','Tidak','Ya'),(54,15,'Setup KRS',101,'krs-setup/setup',0,0,'Ya','Tidak','Ya'),(55,15,'Input KRS',88,'krs-input/home',1,1,'Ya','Tidak','Ya'),(56,15,'Monitor Kelas',116,'krs-monitor-kelas/home',2,2,'Ya','Tidak','Ya'),(57,15,'MK Paket',46,'krs-mk-paket/home',3,3,'Ya','Tidak','Ya'),(58,15,'Lihat KRS',116,'krs-lihat/home',4,4,'Ya','Tidak','Ya'),(59,15,'Lihat KRS Total',171,'krs-lihat-total/home',5,5,'Ya','Tidak','Ya'),(60,15,'Cetak KRS',238,'krs-cetak/home',6,6,'Ya','Tidak','Ya'),(61,15,'Cetak KRS Perwalian',88,'krs-cetak-wali/home',7,7,'Ya','Tidak','Ya'),(62,15,'Catatan Bimbingan',28,'krs-catatan-bimbingan/home',8,8,'Ya','Tidak','Ya'),(63,36,'Input Gedung',53,'sarpras-input-gedung/home',10,NULL,'Ya','Tidak','Ya'),(64,36,'Input Ruang',68,'sarpras-input-ruang/home',20,NULL,'Ya','Tidak','Ya'),(65,36,'Daftar Gedung',68,'sarpras-daftar-gedung/home',30,NULL,'Ya','Tidak','Ya'),(66,36,'Daftar Ruang',68,'sarpras-daftar-ruang/home',40,NULL,'Ya','Tidak','Ya'),(67,36,'Manajemen Ruang',68,'sarpras/manajemen-ruang',50,NULL,'Ya','Tidak','Ya'),(68,20,'Lihat Biodata',206,'biodata-lihat-biodata/home',1,NULL,'Ya','Tidak','Ya'),(69,20,'Edit Biodata',119,'biodata-edit-biodata/home',2,NULL,'Ya','Tidak','Ya'),(70,20,'Upload Foto',330,'biodata-upload-foto/home',3,NULL,'Ya','Tidak','Ya'),(71,20,'Preference',339,'master/profil',4,NULL,'Ya','Tidak','Ya'),(72,20,'Reset Password Mhsw',337,'biodata-reset-password/home',5,NULL,'Ya','Tidak','Ya'),(73,20,'Data Pribadi Mahasiswa',115,'biodata-data-pribadi/home',6,NULL,'Ya','Tidak','Ya'),(74,20,'Data Akademik MHS',115,'biodata-data-akademik/home',7,NULL,'Ya','Tidak','Ya'),(75,20,'Data Lulusan MHS',115,'biodata-data-lulusan/home',8,NULL,'Ya','Tidak','Ya'),(76,17,'Bimbingan Akademik',104,'akademik-bimbingan/home',9,1,'Ya','Ya','Ya'),(77,17,'Input Dosen Wali',503,'akademik-dosen-wali/home',7,5,'Ya','Tidak','Ya'),(78,17,'Daftar Dosen Wali',196,'akademik-dosen-wali/daftar',8,7,'Ya','Tidak','Ya'),(79,1,'Setup PMB Online',333,'admisi-setup-cmhs/home',10,NULL,'Ya','Tidak','Ya'),(80,1,'Setup Potongan SPI',44,'admisi-setup-potongan/home',20,NULL,'Ya','Tidak','Ya'),(81,1,'Transfer PMB Online',39,'admisi-transfer-pmb/home',30,NULL,'Ya','Tidak','Ya'),(82,1,'Edit Data PMB',44,'admisi-edit-pmb/home',40,NULL,'Ya','Tidak','Ya'),(83,1,'Transfer Prog/Prodi PMB',44,'admisi-transfer-program/home',50,NULL,'Ya','Tidak','Ya'),(84,1,'Cek Syarat PMB',44,'admisi-cek-syarat/home',60,NULL,'Ya','Tidak','Ya'),(85,1,'Upload Dokumen PMB',44,'admisi-upload-dokumen/home',70,NULL,'Ya','Tidak','Ya'),(86,1,'Setup Soal Ujian PMB',44,'admisi-soal-ujian/home',80,NULL,'Ya','Tidak','Ya'),(87,1,'Setup Ujian PMB',44,'admisi-setup-ujian/home',90,NULL,'Ya','Tidak','Ya'),(88,1,'Hasil Ujian PMB',44,'admisi-hasil-ujian/home',100,NULL,'Ya','Tidak','Ya'),(89,1,'Setup Rekruitmen PMB',44,'admisi-setup-rekrutmen/home',110,NULL,'Ya','Tidak','Ya'),(90,1,'Rekapitulasi Rekrutmen PMB',44,'admisi-rekap-rekrutmen/home',120,NULL,'Ya','Tidak','Ya'),(91,25,'Distribusi Nilai Per MK',26,'statistik-distribusi-nilai-mk/home',10,NULL,'Ya','Tidak','Ya'),(92,25,'Distribusi Nilai Total',26,'statistik-distribusi-nilai-total/home',20,NULL,'Ya','Tidak','Ya'),(93,25,'Distribusi IPK per Angkatan',26,'statistik-distribusi-ipk-perangkatan/home',30,NULL,'Ya','Tidak','Ya'),(94,25,'Distribusi IPK per Mahasiswa',26,'statistik-distribusi-ipk-permahasiswa/home',40,NULL,'Ya','Tidak','Ya'),(95,25,'Distribusi IPK Lulusan',26,'statistik-distribusi-ipk-lulusan/home',50,NULL,'Ya','Tidak','Ya'),(96,25,'Lama Studi',26,'statistik-lama-studi/home',60,NULL,'Ya','Tidak','Ya'),(97,25,'Status Awal - Angkatan',26,'statistik-status-awal/home',70,NULL,'Ya','Tidak','Ya'),(98,25,'Status Akhir - Angkatan',26,'statistik-status-akhir/home',80,NULL,'Ya','Tidak','Ya'),(99,25,'Status per Angkatan',26,'statistik-status-perangkatan/home',90,NULL,'Ya','Tidak','Ya'),(100,25,'Status per Tahun AJaran',26,'statistik-status-perta/home',100,NULL,'Ya','Tidak','Ya'),(101,25,'Rekap PMB',26,'statistik-rekap-pmb/home',110,NULL,'Ya','Tidak','Ya'),(102,25,'Lama Waktu Skripsi',26,'statistik-lama-waktu-skripsi/home',120,NULL,'Ya','Tidak','Ya'),(103,25,'Beban Mengajar Dosen',26,'statistik-beban-mengajar-dosen/home',130,NULL,'Ya','Tidak','Ya'),(104,25,'Rekap Kehadiran Dosen',26,'statistik-rekap-kehadiran-dosen/home',140,NULL,'Ya','Tidak','Ya'),(105,29,'Buku Yang Dipinjam',63,'perpus-buku-dipinjam/home',10,NULL,'Ya','Tidak','Ya'),(106,29,'Pencarian Buku',63,'perpus-pencarian-buku/home',20,NULL,'Ya','Tidak','Ya'),(107,29,'E-Journal',64,'perpus-ejournal/home',30,NULL,'Ya','Tidak','Ya'),(108,17,'Pendaftaran Kegiatan',434,'akademik-pendaftaran-kegiatan/home',5,9,'Ya','Ya','Ya'),(109,17,'Monitor Aktivitas Mahasiswa',116,'akademik-monitor-aktivitas/home',19,10,'Ya','Ya','Ya'),(110,23,'Lihat Draft Ijasah',340,'transkrip-draft-ijasah/home',7,7,'Ya','Tidak','Ya'),(111,17,'Konversi Nilai',126,'akademik-konversi-nilai/home',17,5,'Ya','Ya','Ya'),(112,39,'Proses Wisuda',172,'wisuda/home',2,100,'Ya','Ya','Ya'),(113,38,'Download EPSBED',118,'akademik-epsbed/home',200,200,'Ya','Ya','Ya'),(114,24,'Log Book Bimbingan Skripsi',332,'skripsi-log-book/home',1,0,'Ya','Ya','Ya'),(115,37,'Standar',106,'jm/standar',10,1,'Ya','Tidak','Ya'),(116,37,'Komponen',106,'jm/komponen',20,1,'Ya','Tidak','Ya'),(117,37,'Pertanyaan',106,'jm/pertanyaan',30,1,'Ya','Tidak','Ya'),(118,37,'Jawaban',106,'jm/jawaban',40,1,'Ya','Tidak','Ya'),(119,37,'Periode',106,'jm/periode',50,1,'Ya','Tidak','Ya'),(120,37,'Auditee/Auditor',331,'jm/penilai',60,1,'Ya','Tidak','Ya'),(121,37,'Tgl Menilai',106,'jm/tglmenilai',70,1,'Ya','Tidak','Ya'),(122,37,'Penilaian Jaminan Mutu',106,'jm/nilaijm',80,1,'Ya','Tidak','Ya'),(123,37,'Rekap Prodi',106,'jm/rekap',90,1,'Ya','Ya','Ya'),(124,37,'Rekap Universitas',106,'jm/rekapuniv',100,1,'Ya','Ya','Ya'),(125,37,'Dokumen',143,'jm/dokumen',41,41,'Ya','Ya','Ya'),(126,38,'Proses PDDIKTI',188,'akademik-epsbed/home',1,1,'Ya','Ya','Ya'),(127,35,'Setup Jadwal Kuliah',418,'pembelajaran/setup-jadwal-kuliah',1,NULL,'Ya','Ya','Ya'),(128,35,'Jadwal Kuliah Mahasiswa',498,'pembelajaran-jadwal-kuliah-mhs/home',5,NULL,'Ya','Ya','Ya'),(129,35,'Lihat Presensi Kuliah',1,'pembelajaran-presensi-kuliah/home',7,NULL,'Ya','Ya','Ya'),(130,35,'Input Presensi Kuliah',1,'input-presensi-dosen/home',9,NULL,'Ya','Ya','Ya'),(131,35,'Download Form Input Nilai',1,'pembelajaran-download-form/home',11,NULL,'Ya','Ya','Tidak'),(132,35,'Rekap Dosen Mengajar',1,'pembelajaran-rekap-dosen-mengajar/home',12,NULL,'Ya','Ya','Ya'),(133,17,'Setup Sebaran KKN',246,'akademik-sebaran-kkn/home',6,200,'Ya','Ya','Ya'),(134,24,'Pengumpulan Berkas Skripsi',46,'skripsi-pengumpulan-berkas/home',7,NULL,'Ya','Tidak','Ya'),(135,16,'Setup Jadwal Ujian',44,'ujian-setup-jadwal-ujian/home',1,NULL,'Ya','Tidak','Ya'),(136,16,'Setup Jadwal Pengawas',44,'ujian-setup-pengawas/home',2,NULL,'Ya','Tidak','Ya'),(137,16,'Cetak LJU Dosen',238,'ujian-cetak-dosen/home',6,NULL,'Ya','Tidak','Ya'),(138,16,'Cetak Daftar Pengawas',238,'ujian-cetak-pengawas/home',7,NULL,'Ya','Tidak','Ya'),(139,16,'Daftar Cekal Ujian',238,'ujian-cekal/home',11,NULL,'Ya','Tidak','Ya'),(140,16,'Rekap Pengawas',238,'ujian-rekap-pengawas/home',12,NULL,'Ya','Tidak','Ya'),(141,17,'Proses Status Mahasiswa',435,'akademik-proses-status/home',18,9,'Ya','Ya','Ya'),(142,17,'Status Akademik',408,'akademik-proses-status/home',4,NULL,'Ya','Ya','Ya'),(143,17,'Pengajuan Pindah Prodi',369,'akademik-proses-status/prodi',10,NULL,'Ya','Ya','Ya'),(144,17,'Pengajuan Pindah kelas',362,'akademik-proses-status/kelas',11,NULL,'Ya','Ya','Ya'),(145,17,'Pengajuan Pindah/Keluar Univ',364,'akademik-proses-status/keluar',12,NULL,'Ya','Ya','Ya'),(146,17,'Proses Pindah prodi',418,'akademik-proses-status/prodi',13,NULL,'Ya','Ya','Ya'),(147,17,'Proses Pindah Kelas',498,'akademik-proses-status/kelas',14,NULL,'Ya','Ya','Ya'),(148,17,'Proses Pindah/Keluar Univ',362,'akademik-proses-status/keluar',15,NULL,'Ya','Ya','Ya'),(149,17,'Histori Pindah',305,'akademik-proses-status/histori',16,NULL,'Ya','Ya','Ya'),(150,40,'Histori Pembayaran Mhs',217,'keuangan-history-mhs/home',1,NULL,'Ya','Ya','Ya'),(151,16,'Jadwal Ujian Mahasiswa',498,'ujian/jadwal',8,NULL,'Ya','Ya','Ya'),(152,16,'Jadwal Ujian Universitas',1,'ujian/jadwal-fakultas',10,NULL,'Ya','Ya','Ya'),(153,24,'Pendaftaran Ujian Skripsi',364,'skripsi-pendaftaran-ujian/home',5,NULL,'Ya','Ya','Ya'),(154,24,'Jadwal Ujian Skripsi',1,'skripsi-jadwal-ujian/home',8,NULL,'Ya','Ya','Ya'),(155,24,'Penilaian Skripsi',265,'skripsi-penilaian/home',10,NULL,'Ya','Ya','Ya'),(156,24,'Hasil Ujian Skripsi',63,'skripsi-hasil/home',11,NULL,'Ya','Ya','Ya'),(157,24,'Riwayat ujian Skripsi',178,'skripsi-riwayat/home',12,NULL,'Ya','Tidak','Ya'),(158,39,'Pendaftaran Wisuda',337,'wisuda/home',1,NULL,'Ya','Ya','Ya'),(159,28,'Input Karyawan',185,'sdm-input-karyawan/home',1,NULL,'Ya','Ya','Ya'),(160,28,'Input Dosen',115,'sdm-input-dosen/home',2,NULL,'Ya','Ya','Ya'),(161,28,'Data Dosen',429,'sdm-data-dosen/home',3,NULL,'Ya','Tidak','Ya'),(162,28,'Data Karyawa',186,'sdm-data-karyawan/home',4,NULL,'Ya','Tidak','Ya'),(163,27,'Copy Eval',1,'evaluasi-copy-eval/home',2,NULL,'Ya','Tidak','Ya'),(164,27,'Setup Pertanyaan Eval',1,'evaluasi/kuesioner',3,NULL,'Ya','Tidak','Ya'),(165,27,'Hasil Kues',1,'evaluasi-rekap-evaluasi/home',5,NULL,'Ya','Tidak','Ya'),(166,27,'Input Eval PBM Mhs',1,'evaluasi-mhs/home',6,NULL,'Ya','Tidak','Tidak'),(167,27,'Input Eval PBM Dosen',1,'evaluasi-dosen/home',7,NULL,'Ya','Tidak','Tidak'),(168,27,'Rekap Eval Mhs',1,'evaluasi-rekap-mhs/home',8,NULL,'Ya','Tidak','Ya'),(169,27,'Rekap Eval Dosen',1,'evaluasi-rekap-dosen/home',9,NULL,'Ya','Tidak','Tidak'),(170,27,'Lap Kinerja Dosen',1,'evaluasi-kinerja-dosen/home',10,NULL,'Ya','Tidak','Tidak'),(171,29,'Setup Login E-Journal',63,'perpustakaan-setup-ejournal/setup',40,NULL,'Ya','Tidak','Ya'),(172,10,'Pendaftaran PKKMB',332,'pkkmb/home',1,1,'Ya','Ya','Ya'),(173,10,'Periode PKKMB',93,'pkkmb/periode',2,2,'Ya','Ya','Ya'),(174,10,'Minat Peserta PKKMB',202,'pkkmb/minat',3,3,'Ya','Ya','Ya'),(175,10,'Ukuran Kaos PKKMB',267,'pkkmb/kaos',4,4,'Ya','Ya','Ya'),(176,10,'Panitia PKKMB',503,'pkkmb/panitia',5,5,'Ya','Ya','Ya'),(177,24,'Jadwal Ujian Kompre',44,'skripsi-jadwal-kompre/home',9,NULL,'Ya','Tidak','Ya'),(178,3,'Setup Aplikasi / Hostname',429,'master/hostname',0,0,'Ya','Tidak','Ya'),(179,41,'Input Penerima Beasiswa',172,'beasiswa-penerima/home',10,NULL,'Ya','Ya','Ya'),(180,41,'Monitoring Beasiswa',56,'beasiswa-monitoring/home',20,NULL,'Ya','Tidak','Ya'),(181,41,'Jenis Beasiswa',196,'beasiswa/jenis',30,NULL,'Ya','Tidak','Ya'),(182,41,'Periode Beasiswa',1,'beasiswa/periode',40,NULL,'Ya','Tidak','Ya'),(183,42,'Setup Riwayat Pendidikan',4,'lppm-master/pendidikan',1,1,'Ya','Tidak','Ya'),(184,42,'Setup Skema Penelitian',245,'lppm-master/skema-penelitian',2,2,'Ya','Tidak','Ya'),(185,42,'Setup Skema Pengabdian',424,'lppm-master/skema-pengabdian',3,3,'Ya','Tidak','Ya'),(186,42,'Setup Bidang Ilmu',289,'lppm-master/bidang-ilmu',4,4,'Ya','Tidak','Ya'),(187,42,'Setup Kepakaran',82,'lppm-master/kepakaran',5,5,'Ya','Tidak','Ya'),(188,42,'Setup Bidang Pengabdian',290,'lppm-master/bidang-pengabdian',6,6,'Ya','Tidak','Ya'),(189,42,'Setup Dokumen Pendukung',143,'lppm-master/dokumen',7,7,'Ya','Tidak','Ya'),(190,42,'Setup Jenis Artikel',64,'lppm-master/jenis-artikel',8,8,'Ya','Tidak','Ya'),(191,42,'Setup Jenis HKI',66,'lppm-master/jenis-hki',9,9,'Ya','Tidak','Ya'),(192,42,'Setup Sumber Pendanaan',217,'lppm-master/sumber-dana',10,10,'Ya','Tidak','Ya'),(193,42,'Setup Kegiatan',472,'lppm-master/kegiatan',100,100,'Ya','Tidak','Ya'),(194,44,'Input Kegiatan Dosen',503,'lppm-kegiatan-dosen/home',7,7,'Ya','Ya','Ya'),(195,44,'Verifikasi Kegiatan Dosen',86,'lppm-verifikasi-keg-dosen/home',2,2,'Ya','Ya','Ya'),(196,27,'Setup Sesi Kuesioner',93,'lppm-kuesioner/sesi',1,1,'Ya','Tidak','Ya'),(197,27,'Setup Kategori Kuesioner',289,'lppm-kuesioner/kategori',2,2,'Ya','Tidak','Ya'),(198,27,'Setup Pertanyaan Kuesioner',241,'lppm-kuesioner/pertanyaan',3,3,'Ya','Tidak','Ya'),(199,37,'Auditor Ceklist',107,'jm/form01',120,1,'Ya','Tidak','Tidak'),(200,37,'Auditor Note General',108,'jm/form02',130,1,'Ya','Tidak','Tidak'),(201,37,'PTK',109,'jm/form03',140,1,'Ya','Tidak','Tidak'),(202,37,'OAI',110,'jm/form04',150,1,'Ya','Tidak','Tidak'),(203,37,'Laporan Audit',120,'jm/form05',160,1,'Ya','Tidak','Ya'),(204,37,'RTM',130,'jm/form06',170,1,'Ya','Tidak','Ya'),(205,37,'Audit',86,'jm/formgab',81,1,'Ya','Tidak','Ya'),(206,42,'Setup Peran Dosen',331,'lppm-master/peran',6,6,'Ya','Tidak','Ya'),(207,42,'Setup Status HKI',435,'lppm-master/hki-status',9,7,'Ya','Tidak','Ya'),(208,45,'Input Rapem/RPKPS',181,'elearning-rapem-rpkps/home',1,1,'Ya','Ya','Ya'),(209,45,'Input Materi Kuliah',46,'elearning-materi/home',2,2,'Ya','Ya','Ya'),(210,45,'Input Tugas Kuliah',304,'elearning-tugas/home',3,3,'Ya','Ya','Ya'),(211,45,'Setup File / Dokumen',143,'elearning-files/home',4,4,'Ya','Ya','Ya'),(212,46,'Tiket Laporan',312,'tiket/home',1,1,'Ya','Ya','Ya'),(213,46,'Daftar Laporan & Saran',70,'tiket/laporan',1,1,'Ya','Ya','Ya');

/*Table structure for table `siswa` */

DROP TABLE IF EXISTS `siswa`;

CREATE TABLE `siswa` (
  `nis` char(11) NOT NULL,
  `nama` varchar(128) NOT NULL,
  `jk` enum('L','P') NOT NULL,
  `tgl_lahir` date NOT NULL,
  `id_provinsi` int(11) NOT NULL,
  `id_kabupaten` int(11) NOT NULL,
  `id_kota` int(11) NOT NULL,
  `alamat` text NOT NULL,
  PRIMARY KEY (`nis`)
) ENGINE=InnoDB DEFAULT CHARSET=latin1;

/*Data for the table `siswa` */

insert  into `siswa`(`nis`,`nama`,`jk`,`tgl_lahir`,`id_provinsi`,`id_kabupaten`,`id_kota`,`alamat`) values ('123','Adi','L','2010-02-02',1,1,1,'tes');

/*Table structure for table `tes` */

DROP TABLE IF EXISTS `tes`;

CREATE TABLE `tes` (
  `id` int(11) NOT NULL AUTO_INCREMENT,
  `nama` varchar(32) DEFAULT NULL,
  PRIMARY KEY (`id`)
) ENGINE=InnoDB DEFAULT CHARSET=latin1;

/*Data for the table `tes` */

/*Table structure for table `user` */

DROP TABLE IF EXISTS `user`;

CREATE TABLE `user` (
  `id` int(11) NOT NULL AUTO_INCREMENT,
  `username` varchar(64) NOT NULL,
  `password` varchar(64) NOT NULL,
  `nama_lengkap` varchar(128) DEFAULT NULL,
  PRIMARY KEY (`id`)
) ENGINE=InnoDB AUTO_INCREMENT=2 DEFAULT CHARSET=latin1;

/*Data for the table `user` */

insert  into `user`(`id`,`username`,`password`,`nama_lengkap`) values (1,'admin','21232f297a57a5a743894a0e4a801fc3','Harminto Mulyo');

/*!40101 SET SQL_MODE=@OLD_SQL_MODE */;
/*!40014 SET FOREIGN_KEY_CHECKS=@OLD_FOREIGN_KEY_CHECKS */;
